[
  {
    "id": 1,
    "title": "Pet Grooming",
    "description": "Pet grooming is the process of maintaining your pet’s hygiene and enhancing their physical appearance, which includes tasks like washing, brushing, trimming fur, and clipping nail",
    "image": "cat1.png"
  },
  {
    "id": 2,
    "title": "Pet Clinic",
    "description": "The pet clinic offers comprehensive veterinary services, including medical consultations, vaccinations, and surgical procedures, ensuring the well-being of furry companions. The clinic provides compassionate care and support to pets and their owners.",
    "image": "cat2.png"
  },
  {
    "id": 3,
    "title": "Pet Daycare",
    "description": "Pet daycare offers a safe and stimulating environment for pets while their owners are away, providing companionship, exercise, and socialization opportunities. Supervised by trained staff, pets engage",
    "image": "cat3.png"
  },
  {
    "id": 4,
    "title": "Pet Training",
    "description": "Pet training encompasses teaching animals essential behaviors and commands, fostering obedience and good manners. Training sessions focus on positive reinforcement techniques, such as rewards and praise.",
    "image": "cat4.png"
  }
]
